[{"categoryString":"EXTENSION","dateBuilt":"2019-05-12T11:12:48-0300","nonVisible":"true","iconName":"https://www.edaboard.com/attachment.php?attachmentid=152944&d=1557344512","methods":[{"deprecated":"false","name":"SendData","description":"Send cmd to the server","params":[{"name":"command","type":"text"}]}],"blockProperties":[{"rw":"read-only","deprecated":"false","name":"GetCommand","description":"Retrieve Command variable content","type":"text"},{"rw":"read-only","deprecated":"false","name":"GetConnectionState","description":"Get state of the connection - true = connected, false = disconnected","type":"boolean"},{"rw":"read-only","deprecated":"false","name":"GetDebugText","description":"Get Debug Text","type":"text"},{"rw":"read-only","deprecated":"false","name":"GetHost","description":"Get HOST","type":"text"},{"rw":"read-only","deprecated":"false","name":"GetPassword","description":"Get PASSWORD","type":"text"},{"rw":"read-only","deprecated":"false","name":"GetReceivedMessage","description":"read text from remote SSH server","type":"text"},{"rw":"read-only","deprecated":"false","name":"GetUser","description":"Get USER","type":"text"},{"rw":"write-only","deprecated":"false","name":"SetCommand","description":"String containing the Bash or Shell Command to be issued to the remote SSH server","type":"text"},{"rw":"write-only","deprecated":"false","name":"SetConnectionState","description":"Set state of the connection - true = connected, false = disconnected","type":"boolean"},{"rw":"write-only","deprecated":"false","name":"SetDebugText","description":"Set Debug Text","type":"text"},{"rw":"write-only","deprecated":"false","name":"SetHost","description":"Set HOST - do not fill with USER@HOST format !","type":"text"},{"rw":"write-only","deprecated":"false","name":"SetPassword","description":"Set PASSWORD","type":"text"},{"rw":"write-only","deprecated":"false","name":"SetUser","description":"Set USER","type":"text"}],"helpUrl":"","type":"ext.appinventor.SSH.ClientSSHAI2Ext.ClientSSHAI2Ext","androidMinSdk":7,"version":"2","external":"true","showOnPalette":"true","name":"ClientSSHAI2Ext","helpString":"Non-visible component that provides client ssh connectivity.","properties":[],"events":[{"deprecated":"false","name":"NewIncomingMessage","description":"Event indicating that there is available new text line","params":[{"name":"msgIn","type":"text"}]}]}]