[{"assets":[],"native":[],"permissions":["android.permission.WRITE_SYNC_SETTINGS","android.permission.CHANGE_CONFIGURATION","android.permission.INTERNET","android.permission.PERSISTENT_ACTIVITY","android.permission.ACCESS_NETWORK_STATE","android.permission.CHANGE_NETWORK_STATE","android.permission.ACCESS_WIFI_STATE","android.permission.READ_EXTERNAL_STORAGE","android.permission.WRITE_EXTERNAL_STORAGE","android.permission.WRITE_SETTINGS","android.permission.READ_PHONE_STATE"],"activities":[],"broadcastReceivers":[],"broadcastReceiver":[],"libraries":[],"type":"ext.appinventor.SSH.ClientSSHAI2Ext.ClientSSHAI2Ext","androidMinSdk":["7"]}]